{
    "mainOptions": [{
        "name": "Banking",
        "submenu": [{
            "name": "Open an Account",
            "link": "#"
        }, {
            "name": "Really Free Checking",
            "link": "#",
            "submenugroup": [{
                "name": "Check Orders",
                "link": "#"
            }, {
                "name": "Debit Cards",
                "link": "#"
            }]
        }, {
            "name": "Savings Account",
            "link": "#"
        }, {
            "name": "Money Markets",
            "link": "#"
        }, {
            "name": "Share Certificates",
            "link": "#"
        }, {
            "name": "Business Banking",
            "link": "#"
        }, {
            "name": "Online and Mobile Banking",
            "link": "#"
        }]
    }, {
        "name": "Loans",
        "submenu": [{
            "name": "Auto Loans",
            "link": "#",
            "submenugroup": [{
                "name": "Vehicle Loans",
                "link": "#"
            }, {
                "name": "Vehicle Equity Loans",
                "link": "#"
            }, {
                "name": "Participating Dealers",
                "link": "#"
            }]
        }, {
            "name": "Home Loans",
            "link": "#",
            "submenugroup": [{
                "name": "Auto Loans",
                "link": "#",
                "submenugroup": [{
                    "name": "Vehicle Loans",
                    "link": "#"
                }, {
                    "name": "Vehicle Equity Loans",
                    "link": "#"
                }, {
                    "name": "Participating Dealers",
                    "link": "#"
                }]
            }, {
                "name": "Mortgages",
                "link": "#",
                "submenugroup": [{
                    "name": "Mortgage Detail Pages",
                    "link": "#"
                }]
            }, {
                "name": "Mortgage Refinance",
                "link": "#"
            }, {
                "name": "Home Equity Loans",
                "link": "#"
            }, {
                "name": "Home Equity Line of Credit",
                "link": "#"
            }]
        }, {
            "name": "Personal Loans",
            "link": "#",
            "submenugroup": [{
                "name": "Credit Builder Loans",
                "link": "#"
            }, {
                "name": "Share and Certificate Secured Loans",
                "link": "#"
            }, {
                "name": "Signature Loans",
                "link": "#"
            }, {
                "name": "Line of Credit Loans",
                "link": "#"
            }, {
                "name": "Special Collateral Loans",
                "link": "#"
            }]
        }, {
            "name": "Business Lending",
            "link": "#"
        }]
    }, {
        "name": "Resources",
        "link": "#",
        "submenu": [{
            "name": "Resource Articles",
            "link": "#",
            "submenugroup": [{
                "name": "Article Pages",
                "link": "#"
            }]
        }, {
            "name": "Seminars",
            "link": "#"
        }, {
            "name": "Calculators",
            "link": "#",
            "submenugroup": [{
                "name": "Calculator Types",
                "link": "#"
            }]
        }]
    }, {
        "name": "Investments",
        "link": "#",
        "submenu": [{
            "name": "Schedule an Appointment",
            "link": "#"
        }, {
            "name": "Mutual Funds",
            "link": "#"
        }, {
            "name": "529 College Savings",
            "link": "#"
        }, {
            "name": "IRAs",
            "link": "#"
        }, {
            "name": "Annuities",
            "link": "#"
        }, {
            "name": "Online Investment Services",
            "link": "#"
        }]
    }, {
        "name": "Insurance",
        "link": "#",
        "submenu": [{
            "name": "Homeowners and Auto Insurance",
            "link": "#"
        }, {
            "name": "Home Warranty Protection",
            "link": "#"
        }, {
            "name": "Life Insurance",
            "link": "#"
        }, {
            "name": "Long Term Care",
            "link": "#"
        }, {
            "name": "Accidental Death and Dismemberment",
            "link": "#"
        }, {
            "name": "Mortgage Life and Disability",
            "link": "#",
            "submenugroup": [{
                "name": "Application",
                "link": "#"
            }, {
                "name": "Rates",
                "link": "#"
            }, {
                "name": "FAQs",
                "link": "#"
            }]
        }, {
            "name": "Vehicle Protection Package",
            "link": "#"
        }, {
            "name": "Additional Membership Coverage",
            "link": "#"
        }]
    }, {
        "name": "Home Center",
        "link": "#",
        "submenu": [{
            "name": "FHA and VA Loans",
            "link": "#"
        }, {
            "name": "Realty Services",
            "link": "#"
        }, {
            "name": "Title Insurance Services",
            "link": "#"
        }, {
            "name": "Home Appraisal Services"
        }]
    }]
}
