{
    "primaryNavigation": [{
        "name": "Banking",
        "link": "#",
        "secondLevel": [{
            "name": "Open an Account",
            "link": "#"
        }, {
            "name": "Really Free Checking",
            "link": "#",
            "thirdLevel": [{
                "name": "Account Protection",
                "link": "#"
            }]
        }, {
            "name": "Savings Account",
            "link": "#"
        }, {
            "name": "IRAs",
            "link": "#"
        }, {
            "name": "Online and Mobile Banking",
            "link": "#",
            "thirdLevel": [{
                "name": "Mobile Apps",
                "link": "#"
            }, {
                "name": "Mobile Pay",
                "link": "#"
            }]
        }]
    }, {
        "name": "Loans",
        "link": "#",
        "secondLevel": [{
            "name": "Auto Loans",
            "link": "#",
            "thirdLevel": [{
                "name": "Vehicle Loans",
                "link": "#",
                "fourthLevel": [{
                    "name": "Vehicle Auction",
                    "link": "#"
                }]
            }, {
                "name": "Vehicle Buyers Check",
                "link": "#"
            }, {
                "name": "Vehicle Refinancing",
                "link": "#"
            }, {
                "name": "Participating Dealers",
                "link": "#"
            }]
        }, {
            "name": "Personal Loans",
            "link": "#"
        }, {
            "name": "Credit Cards",
            "link": "#"
        }]
    }, {
        "name": "Home Loans & Services",
        "link": "#",
        "secondLevel": [{
            "name": "Mortgages",
            "link": "#",
            "thirdLevel": [{
                "name": "Mortgage detail pages",
                "link": "#"
            }]
        }, {
            "name": "Mortgage Refinance",
            "link": "#"
        }, {
            "name": "Home Equity Loans & HELOC",
            "link": "#"
        }, {
            "name": "Real Estate Service",
            "link": "#",
            "thirdLevel": [{
                "name": "Realty Services",
                "link": "#"
            }, {
                "name": "Title Insurance Services",
                "link": "#"
            }, {
                "name": "Home Appraisal Services",
                "link": "#"
            }]
        }]
    }, {
        "name": "Business",
        "link": "#",
        "secondLevel": [{
            "name": "Business Accounts",
            "link": "#"
        }, {
            "name": "Business Services",
            "link": "#",
            "thirdLevel": [{
                "name": "Business Advisors",
                "link": "#"
            }]
        }, {
            "name": "Business Lending",
            "link": "#",
            "thirdLevel": [{
                "name": "Business Credit Card",
                "link": "#"
            }]
        }]
    }, {
        "name": "Learn",
        "link": "#",
        "secondLevel": [{
            "name": "Resource Articles",
            "link": "#",
            "thirdLevel":[{
                "name": "Article Pages",
                "link": "#"
            }]
        }, {
            "name": "Seminars",
            "link": "#"
        }, {
            "name": "Calculators",
            "link": "#",
            "thirdLevel":[{
                "name": "Calculators Types",
                "link": "#"
            }]
        }, {
            "name": "FAQs",
            "link": "#",
            "thirdLevel": [{
                "name": "FAQ Detail Page",
                "link": "#"
            }]
        }]

    }, {
        "name": "Investments",
        "link": "#",
        "secondLevel": [{
            "name": "Schedule an Appointment",
            "link": "#"
        }, {
            "name": "Investment Solutions",
            "link": "#"
        }, {
            "name": "Investment Advisors",
            "link": "#"
        }]
    }, {
        "name": "Insurance",
        "link": "#",
        "secondLevel": [{
            "name": "Homeowners Insurance",
            "link": "#"
        }, {
            "name": "Auto Insurance",
            "link": "#"
        }, {
            "name": "Personal Insurance",
            "link": "#"
        }]
    }]
}
