{"id":"3008898d-46d1-f28b-8769-b1697d8a08c1","name":"ZUMO","timestamp":1396224871840,"requests":[{"collectionId":"3008898d-46d1-f28b-8769-b1697d8a08c1","id":"3ae4d2ce-1279-c9a0-cac6-f73dd1a6bed5","name":"UPDATE Todo completion flag","description":"URL Guid exists & matches body else get 404.\n\nThe response returns the request body???","url":"https://wardtodomobileservice.azure-mobile.net/tables/todoitem/AB286140-E782-42AF-A39C-1A9F96A1174C","method":"PATCH","headers":"Accept: application/json\nX-ZUMO-APPLICATION: psChxvAmcXMcsgEhqqjmfTkoxzwuWG62\nX-ZUMO-INSTALLATION-ID: 21463a76-e9fd-e429-13c6-a7a406a70505\nX-ZUMO-VERSION: ZUMO/1.0 (lang=Web; os=--; os_version=--; arch=--; version=1.0.11121.0)\nAccept-Encoding: gzip,deflate,sdch\nContent-Type: application/json\n","data":"{\"id\":\"AB286140-E782-42AF-A39C-1A9F96A1174C\",\"complete\":false}","dataMode":"raw","timestamp":0,"responses":[],"version":2},{"collectionId":"3008898d-46d1-f28b-8769-b1697d8a08c1","id":"641e5123-8f2d-d1ac-4e17-322d93d395f0","name":"Get Todos that startwith","description":"","url":"https://wardtodomobileservice.azure-mobile.net/tables/todoitem?$filter=startswith(Text,'B')","method":"GET","headers":"Accept: application/json\nX-ZUMO-APPLICATION: psChxvAmcXMcsgEhqqjmfTkoxzwuWG62\nX-ZUMO-INSTALLATION-ID: 21463a76-e9fd-e429-13c6-a7a406a70505\nX-ZUMO-VERSION: ZUMO/1.0 (lang=Web; os=--; os_version=--; arch=--; version=1.0.11121.0)\nAccept-Encoding: gzip,deflate,sdch\n","data":"something","dataMode":"raw","timestamp":0,"responses":[],"version":2},{"collectionId":"3008898d-46d1-f28b-8769-b1697d8a08c1","id":"7dd3600d-2302-ec8a-f00c-8a7ff60dfc8a","name":"Get Active Todos","description":"","url":"https://wardtodomobileservice.azure-mobile.net/tables/todoitem?$filter=(complete%20eq%20false)","method":"GET","headers":"Accept: application/json\nX-ZUMO-APPLICATION: psChxvAmcXMcsgEhqqjmfTkoxzwuWG62\nX-ZUMO-INSTALLATION-ID: 21463a76-e9fd-e429-13c6-a7a406a70505\nX-ZUMO-VERSION: ZUMO/1.0 (lang=Web; os=--; os_version=--; arch=--; version=1.0.11121.0)\nAccept-Encoding: gzip,deflate,sdch\n","data":"something","dataMode":"raw","timestamp":0,"responses":[],"version":2},{"collectionId":"3008898d-46d1-f28b-8769-b1697d8a08c1","id":"8927f295-63b2-6815-5ec1-8b265dd1a9fd","name":"ADD new TODO","description":"","url":"https://wardtodomobileservice.azure-mobile.net/tables/todoitem","method":"POST","headers":"Accept: application/json\nX-ZUMO-APPLICATION: psChxvAmcXMcsgEhqqjmfTkoxzwuWG62\nX-ZUMO-INSTALLATION-ID: 21463a76-e9fd-e429-13c6-a7a406a70505\nX-ZUMO-VERSION: ZUMO/1.0 (lang=Web; os=--; os_version=--; arch=--; version=1.0.11121.0)\nAccept-Encoding: gzip,deflate,sdch\nContent-Type: application/json\n","data":"{\"text\":\"Sally\",\"complete\":false}","dataMode":"raw","timestamp":0,"responses":[],"version":2},{"collectionId":"3008898d-46d1-f28b-8769-b1697d8a08c1","id":"ae05824a-148f-9783-c35e-42dc8fd5a559","name":"DELETE by ID","description":"Replace the GUID at the end with a real one else you get a 404","url":"https://wardtodomobileservice.azure-mobile.net/tables/todoitem/041D1932-231A-4307-80F6-418E7CE11DFF","method":"DELETE","headers":"Accept: application/json\nX-ZUMO-APPLICATION: psChxvAmcXMcsgEhqqjmfTkoxzwuWG62\nX-ZUMO-INSTALLATION-ID: 21463a76-e9fd-e429-13c6-a7a406a70505\nX-ZUMO-VERSION: ZUMO/1.0 (lang=Web; os=--; os_version=--; arch=--; version=1.0.11121.0)\nAccept-Encoding: gzip,deflate,sdch\n","data":"","dataMode":"raw","timestamp":0,"responses":[],"version":2},{"collectionId":"3008898d-46d1-f28b-8769-b1697d8a08c1","id":"dd876e15-c6b9-b9ca-a2f2-0f7f458ec120","name":"Get Metadata (fails 404)","description":"","url":"https://wardtodomobileservice.azure-mobile.net/metadata","method":"GET","headers":"Accept: application/json\nX-ZUMO-APPLICATION: psChxvAmcXMcsgEhqqjmfTkoxzwuWG62\nX-ZUMO-INSTALLATION-ID: 21463a76-e9fd-e429-13c6-a7a406a70505\nX-ZUMO-VERSION: ZUMO/1.0 (lang=Web; os=--; os_version=--; arch=--; version=1.0.11121.0)\nAccept-Encoding: gzip,deflate,sdch\n","data":[],"dataMode":"params","timestamp":0,"responses":[],"version":2},{"collectionId":"3008898d-46d1-f28b-8769-b1697d8a08c1","id":"fb229852-bb17-6f2f-5df9-c95913ec3890","name":"UPDATE Todo text","description":"URL GUID but not in body","url":"https://wardtodomobileservice.azure-mobile.net/tables/todoitem/AB286140-E782-42AF-A39C-1A9F96A1174C","method":"PATCH","headers":"Accept: application/json\nX-ZUMO-APPLICATION: psChxvAmcXMcsgEhqqjmfTkoxzwuWG62\nX-ZUMO-INSTALLATION-ID: 21463a76-e9fd-e429-13c6-a7a406a70505\nX-ZUMO-VERSION: ZUMO/1.0 (lang=Web; os=--; os_version=--; arch=--; version=1.0.11121.0)\nAccept-Encoding: gzip,deflate,sdch\nContent-Type: application/json\n","data":"{\"text\":\"Dee Bell\"}","dataMode":"raw","timestamp":0,"responses":[],"version":2}]}