[
  {
    "id": "b4ad712f-9054-4d46-997a-aec2cacb34ca",
    "name": "Meadowbrook Ct. 1",
    "locationUrl": "http://goo.gl/rHw5Rj",
    "address": "5001 Meadowbrook Lane, Ellicott City, MD"
  },
  {
    "id": "53c1f096-4c57-475c-92b6-754276839356",
    "name": "Meadowbrook Ct. 2",
    "locationUrl": "http://goo.gl/rHw5Rj",
    "address": "5001 Meadowbrook Lane, Ellicott City, MD"
  },
  {
    "id": "692d0e83-66b9-43b7-8d81-4ad370e23550",
    "name": "Meadowbrook Ct. 3",
    "locationUrl": "http://goo.gl/rHw5Rj",
    "address": "5001 Meadowbrook Lane, Ellicott City, MD"
  },
  {
    "id": "f2fdcaf2-bc75-4c30-ac25-004fe38617cb",
    "name": "Meadowbrook Ct. 4",
    "locationUrl": "http://goo.gl/rHw5Rj",
    "address": "5001 Meadowbrook Lane, Ellicott City, MD"
  }
]