{
    "mainOptions": [{
            "name": "Bank",
            "submenu": [{
                "name": "Become a Member",
                "link": "#"
            }, {
                "name": "Really Free Checking",
                "link": "#"
            }, {
                "name": "Savings Account Options",
                "link": "#",
                "submenugroup": [{
                    "name": "CDs",
                    "link": "#"
                }, {
                    "name": "Savings",
                    "link": "#"
                }, {
                    "name": "Money Market",
                    "link": "#"
                }]
            }, {
                "name": "Various Forms",
                "submenugroup": [{
                    "name": "Direct Deposit",
                    "link": "#"
                }, {
                    "name": "Membership Agreement",
                    "link": "#"
                }]
            }, {
                "name": "IRAs"
            }, {
                "name": "Onine/Mobile Services",
                "submenugroup": [{
                    "name": "RBFCU Mobile App",
                    "link": "#"
                }, {
                    "name": "ePay",
                    "link": "#"
                }, {
                    "name": "eAlerts",
                    "link": "#"
                }, {
                    "name": "eStatements",
                    "link": "#"
                }, {
                    "name": "Online Payment Services",
                    "link": "#"
                }]
            }]
        }, {
            "name": "Borrow",
            "submenu": [{
                "name": "Auto Loans",
                "submenugroup": [{
                        "name": "Buy",
                        "link": "#"
                    }, {
                        "name": "Refinance",
                        "link": "#"
                    }, {
                        "name": "Find Your Next Car",
                        "link": "#"
                    },
                    { "name": "Other Vehicles" }
                ]
            }, {
                "name": "Credit Cards"
            }, {
                "name": "Other Loan Options",
                "submenugroup": [{
                    "name": "Signature/Personal",
                    "link": "#"
                }, {
                    "name": "Credit Builder Loans",
                    "link": "#"
                }, {
                    "name": "Student Loans",
                    "link": "#"
                }, {
                    "name": "Lines of Credit"
                }, {
                    "name": "Secured"
                }, {
                    "name": "Specialized Collateral"
                }]
            }, {
                "name": "Mortgage Resource Center",
                "submenugroup": [{
                    "name": "Buy",
                    "link": "#"
                }, {
                    "name": "Build",
                    "link": "#"
                }, {
                    "name": "Refinance",
                    "link": "#"
                }, {
                    "name": "Home Equity/HELOC"
                }, {
                    "name": "Help with the Homeownership Process"
                }]
            }]
        }, {
            "name": "Business",
            "submenu": [{
                "name": "Welcome business members"
            }, {
                "name": "Checking/Savings"
            }, {
                "name": "Loans"
            }, {
                "name": "Credit Cards"
            }, {
                "name": "Merchant Services"
            }]
        }, {
            "name": "Invest",
            "submenu": [{
                "name": "Help me get started",
                "submenugroup": [{
                    "name": "Request a Quote",
                    "link": "#"
                }, {
                    "name": "Auto, Homeowners, Renters, Condo, Flood",
                    "link": "#"
                }]
            }]
        }, {
            "name": "Insure",
            "submenu": [{
                "name": "RBIA"
            }, {
                "name": "Other Benefits"
            }]
        }, {
            "name": "Learn",
            "submenu": [{
                "name": "Calculators"
            }, {
                "name": "Educational Articles"
            }, {
                "name": "Seminars"
            }]
        }

    ]
}